업종,사업장수,월회전율중앙값,p25,p75,p90
소방시설 공사업,33,0.16412,0.102,0.25294,0.31818
건물 및 구축물 해체 공사업,22,0.16288,0.13158,0.36806,0.55691
비계 및 형틀 공사업,20,0.15091,0.06757,0.2602,0.39831
도장 공사업,10,0.13499,0.0875,0.2549,0.32075
구조용 금속 판제품 및 공작물 제조업,19,0.13362,0.04054,0.16176,0.5
콘크리트 및 철근 공사업,318,0.12332,0.07812,0.19863,0.31944
철골 및 관련 구조물 공사업,25,0.11972,0.09211,0.21429,0.32857
사무ㆍ상업용 및 공공기관용 건물 건설업,10,0.11564,0.07778,0.26531,0.57
일반 전기 공사업,99,0.10938,0.04717,0.17964,0.37209
건물용 금속 공작물 설치 공사업,14,0.10459,0.07407,0.16489,0.20455
토공사업,71,0.10294,0.05769,0.17391,0.27778
치킨 전문점,40,0.1006,0.0625,0.13889,0.18919
내부 전기배선 공사업,42,0.09655,0.04688,0.15116,0.22917
건물용 기계ㆍ장비 설치 공사업,71,0.08993,0.05,0.18571,0.3125
피자  햄버거  샌드위치 및 유사 음식점업,9,0.08824,0.04348,0.12222,0.15306
남자용 겉옷 제조업,9,0.08065,0.03797,0.08696,0.1
도로 건설업,8,0.07992,0.04444,0.12162,0.14655
육상 금속 골조 구조재 제조업,19,0.07812,0.0274,0.1129,0.31944
상용 인력 공급 및 인사관리 서비스업,44,0.07726,0.03226,0.125,0.20968
일반 통신 공사업,33,0.07692,0.03125,0.1749,0.22403
기체 여과기 제조업,13,0.07455,0.04225,0.13158,0.34
도배  실내 장식 및 내장 목공사업,176,0.07275,0.02679,0.16935,0.34722
그 외 기타 건축 마무리 공사업,83,0.07143,0.03061,0.16304,0.23077
빵류  과자류 및 당류 소매업,9,0.07143,0.03756,0.10526,0.26838
일식 음식점업,20,0.07044,0.05814,0.11905,0.19697
기타 구조용 금속제품 제조업,20,0.06929,0.01667,0.12963,0.33
주거용 부동산 관리업,17,0.06667,0.03774,0.0678,0.10294
유리 및 창호 공사업,247,0.06637,0.02778,0.12903,0.21429
중식 음식점업,10,0.06597,0.03922,0.11429,0.17045
가금류 가공 및 저장 처리업 / 육류 포장육 및 냉동육,8,0.06326,0.04839,0.21698,0.40385
육류 기타 가공 및 저장 처리업(가금류 제외),12,0.06193,0.02941,0.12963,0.18519
서양식 음식점업,52,0.06189,0.04286,0.10849,0.14681
미장  타일 및 방수 공사업,307,0.06122,0.02419,0.13889,0.24324
배관 및 냉ㆍ난방 공사업,695,0.06098,0.02326,0.12264,0.23256
고용 알선업,246,0.06005,0.03614,0.09239,0.125
교육관련 자문 및 평가업,17,0.05952,0.01786,0.09524,0.18571
자동차용 신품 전기장치 제조업,8,0.05756,0.02857,0.09302,0.11268
식물원 및 동물원 운영업,9,0.05714,0.02857,0.0814,0.11358
기관 구내식당업,73,0.05556,0.03165,0.07914,0.09836
내부 통신배선 공사업,23,0.05455,0.02,0.10496,0.16111
임시 및 일용 인력 공급업,150,0.05405,0.02692,0.09677,0.15596
원양 어업,20,0.05341,0.02632,0.2,0.28333
여자용 겉옷 제조업,11,0.05333,0.02273,0.125,0.12903
녹음시설 운영업,8,0.05287,0.03431,0.07282,0.10204
기타 비주거용 건물 건설업,16,0.05281,0.03409,0.10385,0.2047
장난감 및 취미  오락용품 도매업,8,0.05271,0.04054,0.07407,0.07857
노인 양로 복지시설 운영업,47,0.05263,0.03125,0.06771,0.08235
예식장업,19,0.05263,0.01667,0.08108,0.29464
금속 주조 및 기타 야금용 기계 제조업,8,0.05182,0.03333,0.08065,0.14241
미디어콘텐츠창작업,8,0.0513,0.03922,0.85294,0.95833
빵류 제조업,19,0.05102,0.02174,0.08182,0.19565
자동차 임대업(렌트카),11,0.05,0.02083,0.08824,0.125
커피 및 차류 도매업,27,0.05,0.02174,0.05809,0.09422
커피 전문점,31,0.05,0.02542,0.10294,0.14444
한식 일반 음식점업,152,0.04964,0.02778,0.09375,0.14706
산업 생산시설 종합 건설업,74,0.0489,0.01828,0.13953,0.19231
휴양 콘도 운영업,14,0.04873,0.03254,0.07339,0.18874
육류 소매업,13,0.04688,0.01974,0.06977,0.11321
소독  구충 및 방제 서비스업,11,0.04651,0.02778,0.08865,0.21667
제과점업,65,0.0463,0.025,0.08333,0.125
라디오 방송업,12,0.04547,0.02201,0.05556,0.08333
슈퍼마켓,236,0.04545,0.02326,0.06667,0.1
영화  비디오물 및 방송 프로그램 제작 관련 서비스업,9,0.04545,0.01531,0.06818,0.25
도시락류 제조업,12,0.04545,0.03101,0.08333,0.10606
기타 토목 시설물 건설업,247,0.04412,0.02041,0.07353,0.14674
택시 운송업,233,0.04412,0.01818,0.06757,0.09375
전시  컨벤션 및 행사 대행업,33,0.04386,0.01945,0.07,0.10294
그 외 기타 달리 분류되지 않은 개인 서비스업,34,0.0438,0.02113,0.07955,0.1129
가방 및 보호용 케이스 도매업,8,0.04378,0.02885,0.0641,0.08333
육류 포장육 및 냉동육 가공업(가금류 제외),8,0.04375,0.0303,0.05714,0.06061
전자상거래 소매업,280,0.04317,0.02419,0.07353,0.1
수중 공사업,40,0.04293,0.01087,0.12857,0.2125
속옷 및 잠옷 소매업,8,0.04287,0.03125,0.12766,0.21667
비주거용 건물 개발 및 공급업,27,0.04286,0.02381,0.09023,0.19737
부동산 중개 및 대리업,33,0.04255,0.02439,0.06757,0.16935
애완용 동물 및 관련용품 소매업,13,0.04255,0.03676,0.07143,0.08824
기타 곡물 가공품 제조업,45,0.04192,0.01724,0.05714,0.07317
그 외 기타 달리 분류되지 않은 제품 제조업,15,0.04167,0.025,0.04701,0.09677
전자 부품 실장기판 제조업,8,0.04144,0.03226,0.10227,0.26852
채소  과실 및 뿌리작물 소매업,11,0.04103,0.01429,0.0625,0.07447
일반병원,199,0.0407,0.02448,0.06343,0.10204
주거용 건물 개발 및 공급업,45,0.03982,0.01471,0.09091,0.175
비주거용 부동산 관리업,256,0.03977,0.02168,0.06944,0.09375
손해 사정업,52,0.03965,0.02439,0.05233,0.08462
호텔업,156,0.03958,0.02174,0.06897,0.11667
영화관 운영업,9,0.03947,0.01389,0.08733,0.15714
기타 교육지원 서비스업,34,0.03925,0.02148,0.0678,0.1
건강 기능식품 제조업,8,0.03923,0.02941,0.05882,0.07558
조리 반찬류 소매업,14,0.03906,0.02423,0.09783,0.11667
경비 및 경호 서비스업,185,0.03891,0.01754,0.06265,0.09459
자연공원 운영업,12,0.03873,0.03035,0.06707,0.06828
한방병원,347,0.03846,0.01961,0.06522,0.09615
육류 도매업,35,0.03846,0.01471,0.05319,0.08333
두발 미용업,14,0.03828,0.02632,0.05625,0.07407
건축물 일반 청소업,417,0.03784,0.02041,0.06429,0.09722
화장품  비누 및 방향제 소매업,21,0.03759,0.01562,0.04851,0.0816
시계 및 귀금속 제품 도매업,17,0.0375,0.02179,0.07407,0.08571
육류 가공식품 도매업,71,0.03659,0.01493,0.05328,0.0922
수산식물 가공 및 저장 처리업,13,0.03659,0.02451,0.04808,0.08537
비알코올 음료 도매업,21,0.03659,0.02333,0.07812,0.0875
의복 액세서리 및 모조 장신구 도매업,22,0.03635,0.02222,0.07292,0.09091
기타 전기 변환장치 제조업,10,0.03624,0.01923,0.05797,0.09722
남녀용 겉옷 및 셔츠 도매업,112,0.03615,0.02174,0.06422,0.09091
건설장비 운영업,30,0.03615,0.01562,0.05085,0.07692
보링  그라우팅 및 관정 공사업,64,0.03604,0.01863,0.10163,0.2
직원 훈련기관,20,0.03596,0.02632,0.07576,0.16667
경영 컨설팅업,502,0.03571,0.01613,0.07353,0.11905
운동 및 경기용품 도매업,37,0.03571,0.02174,0.05556,0.07746
그 외 기타 생활용품 도매업,40,0.03552,0.02174,0.09375,0.12121
기타 사무 지원 서비스업,8,0.03552,0.03205,0.08571,0.4625
화장품 및 화장용품 도매업,168,0.03544,0.02381,0.05952,0.08065
아파트 건설업,194,0.0353,0.01724,0.07692,0.15789
기타 기술 및 직업 훈련학원,32,0.0353,0.01471,0.06429,0.06897
곡물 및 기타 식량작물 재배업,8,0.03516,0.01613,0.07303,0.09524
광고 대행업,341,0.03488,0.01961,0.05714,0.09
외국어학원,13,0.03448,0.01471,0.05,0.08108
자동차용 신품 의자 제조업,8,0.03438,0.0163,0.04514,0.04762
간이 음식 포장 판매 전문점,15,0.03409,0.0125,0.04545,0.10606
정형 외과용 및 신체 보정용 기기 제조업,13,0.0339,0.02273,0.05814,0.06061
셔츠 및 블라우스 소매업,34,0.03381,0.01639,0.05,0.08767
개인간병인,37,0.03358,0.02586,0.04936,0.075
종합병원,30,0.03354,0.0226,0.05556,0.09375
조경 건설업,26,0.03344,0.02394,0.06863,0.26316
화장품 제조업,183,0.03333,0.01562,0.05263,0.07895
화훼류 및 식물 도매업,9,0.03333,0.00714,0.05556,0.09783
신선  냉동 및 기타 수산물 도매업,39,0.03333,0.01351,0.06481,0.11207
수의업,103,0.03333,0.02273,0.05556,0.08696
반도체 제조용 기계 제조업,33,0.03333,0.01773,0.06667,0.15476
건물 및 토목 엔지니어링 서비스업,19,0.03333,0.01351,0.04839,0.1125
음악 및 기타 오디오물 출판업,13,0.03297,0.02564,0.06452,0.07895
그 외 기타 분류 안된 사업 지원 서비스업(기타임가공,79,0.03261,0.01136,0.07229,0.16026
청소년 수련시설 운영업,8,0.03251,0.01961,0.06122,0.06881
레크리에이션 교육기관,16,0.0325,0.02215,0.06061,0.07609
기타 산업용 기계 및 장비 임대업,9,0.03247,0.02857,0.05556,0.13636
사업시설 유지ㆍ관리 서비스업,130,0.03243,0.01603,0.06579,0.15714
의약품 및 의료용품 소매업,16,0.03229,0.02083,0.04839,0.15714
일반의원,1384,0.03226,0.01667,0.05263,0.08621
기타 대형 종합 소매업,11,0.03222,0.01613,0.07407,0.07843
기타 가공식품 도매업,62,0.03209,0.01681,0.0566,0.06884
철물  금속 파스너 및 수공구 도매업,24,0.03186,0.02326,0.05,0.09078
기타 전문 서비스업,32,0.03161,0.01087,0.06863,0.13514
기타 산업용 농산물 도매업,53,0.03125,0.01597,0.05,0.09091
통신기기 소매업,22,0.03125,0.01282,0.04286,0.07576
치과의원,173,0.03125,0.01515,0.05882,0.08824
과실류 도매업,23,0.03125,0.01477,0.06452,0.07246
식물성 유지 제조업,17,0.03125,0.02222,0.04286,0.06429
탭  밸브 및 유사 장치 제조업,17,0.03125,0.01667,0.08861,0.33673
콜센터 및 텔레마케팅 서비스업,21,0.03125,0.01632,0.06061,0.08484
컴퓨터 프로그래밍 서비스업,30,0.03113,0.02083,0.05789,0.09545
산업용 농ㆍ축산물  섬유 원료 및 동물 중개업,38,0.03113,0.01389,0.05882,0.07353
그 외 기타 정보 서비스업,10,0.03111,0.0098,0.05932,0.07955
기타 육상 운송지원 서비스업,22,0.03093,0.01,0.05556,0.06757
시스템 소프트웨어 개발 및 공급업,73,0.03077,0.01389,0.05,0.08333
서적  잡지 및 기타 인쇄물 도매업,35,0.0307,0.0119,0.0625,0.08065
장례식장 및 장의관련 서비스업,10,0.03046,0.01754,0.03617,0.11673
일반 교과학원 / 미술학원 / 기타 예술학원 / 외국어,19,0.03043,0.01389,0.05319,0.14062
일반 교과학원,124,0.0303,0.01389,0.04762,0.07447
시내버스 운송업 / 시외버스 운송업,121,0.0303,0.01613,0.075,0.09677
수산물 가공식품 도매업,59,0.0303,0.01471,0.0625,0.1
환경 관련 엔지니어링 서비스업,9,0.0303,0.02174,0.032,0.0814
채소류  서류 및 향신작물류 도매업,47,0.0303,0.01389,0.05128,0.07576
운동 및 경기용품 소매업,15,0.0303,0.02809,0.06568,0.07202
자동 판매기 운영업,8,0.0303,0.015,0.07292,0.45813
기타 수상 운송 지원 서비스업,22,0.03005,0.0122,0.08537,0.09649
두부 및 유사 식품 제조업,49,0.03,0.01429,0.05195,0.08108
김치류 제조업,57,0.03,0.01389,0.04167,0.05556
변호사업,144,0.02971,0.01471,0.04839,0.0641
한의원,54,0.02951,0.01471,0.05,0.08861
연사 및 가공사 제조업 / 특수직물 및 기타 직물 직조,23,0.02941,0.01042,0.05,0.07812
빵류  과자류  당류  초콜릿 도매업,39,0.02941,0.01429,0.05208,0.07576
냉장 및 냉동 창고업,45,0.02941,0.01562,0.04412,0.06667
조미료 도매업,23,0.02941,0.01376,0.075,0.11667
기타 운동 및 경기용구 제조업,11,0.02941,0.01216,0.05682,0.1
자동차용 신품 조향장치 및 현가장치 제조업,9,0.02941,0.00699,0.04255,0.05
일반 영화 및 비디오물 제작업,48,0.02914,0.01282,0.05405,0.25
건강 보조용 액화식품 제조업,34,0.0291,0.01316,0.0493,0.06452
기타 선박 건조업,14,0.02904,0.01724,0.03333,0.0411
복권 발행 및 판매업,9,0.02899,0.01945,0.03086,0.04965
그 외 기타 보건업,140,0.02895,0.01613,0.04331,0.06356
그 외 기타 분류 안된 사업 지원 서비스업,926,0.02892,0.01215,0.05952,0.0979
요양병원,1750,0.02885,0.01724,0.04487,0.06481
화물 포장  검수 및 계량 서비스업,49,0.02885,0.01351,0.06593,0.28388
기타자영업,27,0.02878,0.00968,0.04054,0.06452
그 외 기타 전자 부품 제조업,133,0.02878,0.01316,0.05947,0.08824
기타 운송장비 임대업,34,0.02859,0.0119,0.03731,0.06
주방용품 및 가정용 유리  요업제품 소매업,8,0.02859,0.01667,0.05882,0.07759
신발 도매업,15,0.02857,0.01667,0.05672,0.10825
포털 및 기타 인터넷 정보 매개 서비스업,25,0.02857,0.01613,0.04762,0.07692
기타 1차 비철금속 제조업,12,0.02852,0.00909,0.04167,0.06061
콘크리트 관 및 기타 구조용 콘크리트제품 제조업,24,0.02839,0.01149,0.08065,0.25
방사선 진단 및 병리 검사 의원,25,0.02839,0.0122,0.04412,0.06667
사업 및 무형 재산권 중개업,42,0.02833,0.01562,0.0473,0.08571
경영 컨설팅업(경영지도사),49,0.02817,0.01471,0.05102,0.08065
생활용 가구 도매업,32,0.02815,0.01818,0.05714,0.07353
기타 음ㆍ식료품 위주 종합 소매업,96,0.0278,0.01163,0.04902,0.0913
매니저업,56,0.02779,0.01456,0.05,0.08182
음ㆍ식료품 및 담배 중개업,24,0.02779,0.0122,0.05405,0.06944
곡물 및 유지작물 도매업,45,0.02778,0.01224,0.04839,0.09211
전기ㆍ전자공학 연구개발업,20,0.02763,0.02113,0.04412,0.06667
당구장 운영업,10,0.02761,0.01786,0.03896,0.1
가전제품 및 부품 도매업,76,0.02753,0.01429,0.05714,0.08333
문구용품  회화용품  사무용품 도매업,20,0.0274,0.01942,0.05769,0.12759
건축 설계 및 관련 서비스업(건축사),54,0.02721,0.01471,0.03846,0.06061
전구  램프 및 조명장치 도매업,8,0.02721,0.01613,0.03659,0.09459
임업용 종묘 생산업,11,0.02703,0.01163,0.03333,0.03947
비주거용 건물 임대업,29,0.02703,0.00758,0.04217,0.08696
자수제품 및 자수용 재료 제조업,11,0.02703,0.01515,0.04286,0.06667
개인 간병 및 유사 서비스업,21,0.02703,0.00893,0.04286,0.07812
비금속광물 분쇄물 생산업,29,0.02679,0.01562,0.04167,0.05882
데이터베이스 및 온라인 정보 제공업,284,0.02675,0.01181,0.04717,0.08095
섬유  의복  신발 및 가죽제품 중개업 / 목재 및 건축,92,0.02669,0.01163,0.04839,0.06452
시설물 유지관리 공사업,84,0.0264,0.01333,0.06028,0.11207
셔츠 및 블라우스 제조업,11,0.02632,0.01744,0.03947,0.0625
가금류 가공 및 저장 처리업,101,0.02632,0.01316,0.05405,0.08163
건어물 및 젓갈류 도매업,18,0.02601,0.01667,0.04082,0.08974
문서 작성업,89,0.02586,0.01429,0.05405,0.07778
모피 및 가죽 제조업,9,0.02586,0.0084,0.0297,0.13095
기타 인문 및 사회과학 연구개발업,512,0.02575,0.0125,0.04167,0.0618
가죽의복 제조업,185,0.02568,0.01382,0.04592,0.075
인형 및 장난감 제조업,17,0.02564,0.01266,0.0375,0.05738
가구 소매업,9,0.02564,0.01389,0.03226,0.06024
그 외 기타 분류 안된 금융업,26,0.02561,0.0125,0.03731,0.05319
광고물 문안  도안  설계 등 작성업,8,0.02557,0.02083,0.04839,0.07778
귀금속 및 관련제품 제조업,10,0.02551,0.01471,0.02941,0.05
기타 건축용 나무제품 제조업,32,0.02545,0.01667,0.09091,0.19697
그 외 기타 금속 가공업,40,0.02521,0.01429,0.05,0.125
비메모리용 및 기타 전자집적회로 제조업,8,0.02508,0.02326,0.03268,0.07812
면류  마카로니 및 유사 식품 제조업,39,0.025,0.01493,0.03046,0.05215
알루미늄 주물 주조업,27,0.025,0.01282,0.03623,0.04545
그 외 기타 분류 안된 상품 전문 소매업,25,0.025,0.00649,0.04286,0.0553
기타 게임 소프트웨어 개발 및 공급업,13,0.025,0.01111,0.03714,0.13043
주차장 운영업,36,0.02487,0.01042,0.04545,0.06771
치약  비누 및 기타 세제 제조업,72,0.02485,0.01111,0.03571,0.05405
공연 기획업,38,0.02479,0.01364,0.04605,0.09524
가방 및 기타 보호용 케이스 제조업,20,0.02476,0.01471,0.03704,0.13333
의학 및 약학 연구개발업,43,0.02475,0.01293,0.03571,0.06579
골프장 운영업,134,0.0247,0.0122,0.03731,0.06641
산업설비  운송장비 및 공공장소 청소업,51,0.02459,0.01299,0.0463,0.08333
보험 대리 및 중개업,96,0.02441,0.01364,0.03571,0.05625
외항 화물 운송업,74,0.0244,0.00826,0.05106,0.06358
여행사업,69,0.02439,0.01087,0.06061,0.09434
기록매체 복제업,17,0.02439,0.01561,0.03169,0.04098
전세버스 운송업,43,0.02439,0.00649,0.04839,0.10227
간판 및 광고물 제조업,29,0.02439,0.0122,0.03226,0.05128
생활용 유리ㆍ요업ㆍ목재ㆍ금속제품 및 날붙이 도매업,31,0.02439,0.00901,0.05769,0.15957
설치용 및 위생용 플라스틱제품 제조업,19,0.02439,0.01111,0.03,0.03846
전자코일  변성기 및 기타 전자 유도자 제조업,31,0.02425,0.0,0.03961,0.05882
그 외 기타 분류 안된 전문  과학 및 기술 서비스업,236,0.02421,0.01235,0.04545,0.06746
경 인쇄업,18,0.02417,0.00682,0.03509,0.05814
모조 귀금속 및 모조 장신용품 제조업,10,0.02402,0.0,0.04167,0.15152
시장 조사 및 여론 조사업,46,0.024,0.01471,0.04043,0.09375
산업용 난방보일러 및 방열기 제조업,58,0.02399,0.01515,0.05195,0.09211
안경  사진장비 및 광학용품 도매업,25,0.02381,0.01538,0.0409,0.10897
그 외 기타 종합 소매업,13,0.02381,0.00678,0.03061,0.08065
포장 및 충전업,33,0.02381,0.00815,0.04,0.0678
금속 가구 제조업,22,0.02341,0.00893,0.04412,0.05882
기타 과실ㆍ채소 가공 및 저장 처리업,28,0.02331,0.0122,0.04,0.06383
공연시설 운영업,24,0.02329,0.01053,0.04848,0.19828
일반용 전기 조명장치 제조업,48,0.02316,0.0082,0.04348,0.06818
결혼 상담 및 준비 서비스업,8,0.02314,0.02069,0.04545,0.06667
기타 가정용 전기 기기 제조업,14,0.0231,0.0,0.03804,0.07447
면 방적업,11,0.02308,0.00826,0.02941,0.04348
컴퓨터 및 주변장치  소프트웨어 소매업,22,0.02302,0.01316,0.03571,0.05
세무사업,46,0.02298,0.01266,0.04688,0.09091
인물 사진 및 행사용 영상 촬영업,10,0.02293,0.01705,0.02564,0.27419
광고 영화 및 비디오물 제작업,19,0.02292,0.00847,0.04545,0.08824
자동차 엔진용 신품 부품 제조업,9,0.02282,0.00943,0.06061,0.50262
박물관 운영업,28,0.02273,0.0122,0.03409,0.06667
화물 운송 중개  대리 및 관련 서비스업,45,0.02273,0.01244,0.05,0.09677
주거용 건물 건설업,61,0.02273,0.01562,0.04444,0.06757
컴퓨터 및 주변 기기 수리업,31,0.02273,0.00909,0.03177,0.07576
플라스틱 선  봉  관 및 호스 제조업,23,0.02273,0.0082,0.03571,0.04688
낙농품 및 동ㆍ식물성 유지 도매업,9,0.02273,0.01613,0.04412,0.18864
음ㆍ식료품 및 담배 가공기계 제조업,13,0.02273,0.0,0.04478,0.04688
기타 소사장제,85,0.02273,0.01111,0.05,0.09434
기타 공학 연구개발업,18,0.02239,0.0,0.03604,0.125
용달 화물 자동차 운송업,37,0.02239,0.01376,0.03704,0.07143
애완 동물 장묘 및 보호 서비스업,160,0.02233,0.01316,0.04545,0.07647
기념품  관광 민예품 및 장식용품 소매업,8,0.02226,0.01724,0.0283,0.09664
자동차 차체용 신품 부품 제조업,24,0.02223,0.01333,0.05952,0.10811
솜 및 실 염색 가공업 / 직물  편조 원단 및 의복류,11,0.02222,0.0,0.03846,0.04545
육류 도축업(가금류 제외) / 가금류 도축업,50,0.02206,0.0122,0.03774,0.06522
치과병원,74,0.022,0.00806,0.04412,0.06923
증권 중개업,32,0.02198,0.01667,0.03667,0.04938
기타 산업용 기계 및 장비 도매업,85,0.02198,0.01,0.03571,0.06667
박판  합판 및 유사 적층판 제조업,12,0.02195,0.01163,0.3,0.33871
주형 및 금형 제조업,245,0.0219,0.00971,0.03571,0.0625
액체 연료 및 관련제품 도매업,23,0.02187,0.0,0.04369,0.05072
떡류 제조업,66,0.02177,0.0084,0.04386,0.06122
상품 종합 도매업,724,0.02174,0.01087,0.03906,0.06452
플라스틱 물질 및 합성고무 도매업,21,0.02174,0.005,0.02632,0.04688
재생용 재료 수집 및 판매업,21,0.02174,0.01064,0.04317,0.0625
사진기  영사기 및 관련 장비 제조업,12,0.02162,0.0,0.05385,0.05738
판지 상자 및 용기 제조업,8,0.02158,0.01515,0.05,0.07292
금속 문  창  셔터 및 관련제품 제조업,304,0.02139,0.0119,0.04167,0.07812
건축 설계 및 관련 서비스업,150,0.02133,0.0119,0.03226,0.05
스크린 인쇄업,152,0.02117,0.00987,0.03846,0.0625
측량업,40,0.02117,0.01515,0.03659,0.05263
그 외 기타 분류 안된 섬유제품 제조업,35,0.02113,0.00877,0.0339,0.05705
기타 정보 기술 및 컴퓨터 운영 관련 서비스업,75,0.02113,0.01111,0.03333,0.05405
그 외 기타 의료용 기기 제조업,44,0.02112,0.00943,0.04091,0.09722
그 외 기타 식료품 제조업,28,0.02093,0.00725,0.03571,0.05556
응용 소프트웨어 개발 및 공급업,2011,0.02083,0.0102,0.03804,0.06481
BIZ_NO미존재사업장,7239,0.02083,0.0094,0.03846,0.06051
기타 기술 시험  검사 및 분석업,141,0.02083,0.0113,0.0354,0.05556
의료 기기 도매업,99,0.02083,0.00556,0.03409,0.06
자문 감독 지도료 고문료 교정료,9,0.02083,0.01471,0.02963,0.0546
장류 제조업,18,0.0208,0.01471,0.03731,0.05405
화학섬유직물 직조업,50,0.02073,0.00318,0.03947,0.0641
악기 도매업,8,0.02068,0.01667,0.02439,0.07937
산업용 로봇 제조업,167,0.02055,0.0101,0.03077,0.05
그 외 기타 기계 및 장비 도매업,47,0.02055,0.01271,0.03333,0.06061
의료용품 및 기타 의약 관련제품 제조업,73,0.02049,0.01173,0.03472,0.05682
자동차 신품 판매업,86,0.02047,0.01471,0.03691,0.06667
자료 처리업,26,0.02028,0.01603,0.05,0.1129
산업 처리공정 제어장비 제조업,85,0.02016,0.00926,0.03488,0.07576
백화점,18,0.02015,0.0125,0.03293,0.08542
육류 도축업(가금류 제외),33,0.02,0.01471,0.03571,0.06757
소주 제조업,9,0.02,0.00913,0.02083,0.05556
배전반 및 전기 자동제어반 제조업,288,0.01992,0.00962,0.03571,0.05882
편조의복 제조업,14,0.01988,0.0122,0.044,0.05093
기타 인쇄물 출판업,36,0.0198,0.0116,0.03257,0.05072
통관 대리 및 관련서비스업 / 화물 운송 중개  대리,168,0.01974,0.00926,0.04412,0.07143
가전제품 소매업,18,0.01973,0.00621,0.04054,0.04545
그 외 기타 상품 전문 도매업,53,0.01961,0.00581,0.03814,0.05208
그 외 기타 분류 안된 금속 가공제품 제조업,17,0.01961,0.0,0.04167,0.05556
기타 엔지니어링 서비스업,694,0.01954,0.00943,0.03261,0.05556
유선 온라인 게임 소프트웨어 개발 및 공급업,22,0.01946,0.01124,0.02885,0.04688
그 외 기타 건축자재 도매업,40,0.01929,0.0051,0.04839,0.06667
커피 가공업,46,0.01926,0.01042,0.03409,0.08974
컴퓨터 시스템 통합 자문 및 구축 서비스업,201,0.01923,0.0102,0.04054,0.06757
주방용 전기 기기 제조업,61,0.01923,0.01111,0.02941,0.05195
일반 창고업,81,0.01923,0.0102,0.03409,0.06061
일반 철물 제조업,30,0.01914,0.0,0.03226,0.06667
공인회계사업,117,0.01899,0.0125,0.03086,0.05882
통신ㆍ방송장비 및 부품 도매업,127,0.01899,0.01136,0.03846,0.0625
신문용지 제조업,33,0.01894,0.0082,0.03333,0.05263
전자상거래 소매 중개업,16,0.01888,0.01351,0.03333,0.04167
기타 반도체 소자 제조업,1276,0.01887,0.00962,0.03497,0.06098
전기식 진단 및 요법 기기 제조업,157,0.01887,0.01,0.02941,0.04545
그 외 기타 플라스틱 제품 제조업,81,0.01887,0.00833,0.03947,0.07576
액상 시유 및 기타 낙농제품 제조업,44,0.01884,0.01031,0.04155,0.06422
기타 통신 판매업,20,0.01878,0.00738,0.05469,0.06349
구두류 제조업,33,0.01877,0.01136,0.03333,0.06977
일반 저울 제조업,10,0.01868,0.0122,0.05921,0.06061
그 외 기타 특수 목적용 기계 제조업,14,0.01847,0.01052,0.07812,0.46835
볼링장 운영업,10,0.0184,0.01131,0.03,0.10938
1차 금속제품 도매업,51,0.01829,0.01163,0.04167,0.07
분말 야금제품 제조업,67,0.01829,0.00418,0.04286,0.06452
그 외 기타 개인 및 가정용품 임대업,13,0.01829,0.00839,0.05469,0.0875
안경 및 안경렌즈 제조업,65,0.01825,0.01111,0.03378,0.04412
시외버스 운송업,54,0.01818,0.00926,0.02597,0.03947
제조 / 코코아제품및설탕과자,11,0.01818,0.00833,0.0678,0.07143
그 외 기타 전기장비 제조업,18,0.01813,0.00746,0.038,0.05556
수산동물 건조 및 염장품 제조업,86,0.0181,0.01136,0.03125,0.05505
전동기 및 발전기 제조업,120,0.01778,0.00781,0.03271,0.05319
일반 서적 출판업,115,0.0177,0.0073,0.03077,0.05556
기타 항공 운송지원 서비스업,21,0.01765,0.00991,0.02391,0.03676
시각 디자인업,21,0.01765,0.01389,0.03261,0.04545
금속 캔 및 기타 포장용기 제조업,41,0.01754,0.01163,0.03,0.0411
기타 목재 가구 제조업,67,0.01754,0.00667,0.03623,0.04839
기타 일반 기계 및 장비 수리업,31,0.01754,0.00352,0.04098,0.06122
공인회계사업(기장대리) / 기타 회계 관련 서비스업,12,0.0175,0.0,0.03175,0.04839
선박 구성 부분품 제조업,360,0.01745,0.00926,0.0339,0.05556
산업용 냉장 및 냉동장비 제조업,395,0.01744,0.00862,0.03571,0.06667
택배업,52,0.01739,0.01279,0.04167,0.05172
포장용 플라스틱 성형용기 제조업,329,0.01724,0.00893,0.03571,0.05714
변압기 제조업,8,0.01721,0.0098,0.03061,0.5
항공기용 부품 제조업,54,0.01721,0.00781,0.03162,0.04839
완제 의약품 제조업,171,0.01716,0.01108,0.02941,0.04237
건강 보조식품 소매업,14,0.01697,0.0102,0.0566,0.09659
컴퓨터 제조업,179,0.01695,0.00758,0.03226,0.05
과자류 및 코코아 제품 제조업,63,0.01695,0.01149,0.03589,0.05714
통신 재판매업,27,0.01695,0.0095,0.03759,0.04688
화학 살균ㆍ살충제 및 농업용 약제 제조업,20,0.01688,0.01194,0.03911,0.0625
서적  신문 및 잡지류 소매업,11,0.01682,0.00735,0.07143,0.10897
주류 도매업,70,0.01681,0.01058,0.04098,0.06522
모바일 게임 소프트웨어 개발 및 공급업,20,0.0168,0.0098,0.04054,0.05714
금속류 원료 재생업,28,0.01674,0.0082,0.04545,0.1
축전지 제조업,80,0.01671,0.00636,0.03488,0.05469
컴퓨터 및 주변장치  소프트웨어 도매업,246,0.01667,0.00893,0.03261,0.05405
절연 코드세트 및 기타 도체 제조업,17,0.01667,0.00926,0.02857,0.04545
스키장 운영업,9,0.01667,0.01149,0.05319,0.06667
암면 및 유사 제품 제조업,23,0.01667,0.0,0.03279,0.04854
그 외 기타 분류 안된 화학제품 제조업,19,0.01667,0.00446,0.03125,0.05056
그 외 기타 고무제품 제조업,25,0.01667,0.0,0.02941,0.05172
절삭 가공 및 유사 처리업,154,0.01667,0.00769,0.03676,0.0625
유선 통신장비 제조업,250,0.01665,0.00806,0.02857,0.05
농업 및 임업용 기계 제조업,42,0.01658,0.00102,0.03307,0.04962
의약품 도매업,134,0.0164,0.01087,0.0303,0.04412
금속선 가공제품 제조업,134,0.0164,0.00746,0.03125,0.04717
자동차 종합 수리업,34,0.0164,0.0,0.04412,0.09677
번역 및 통역 서비스업,31,0.01639,0.00971,0.0303,0.04688
사무 및 회화용품 제조업,37,0.01639,0.00394,0.03205,0.04545
기타,57,0.01634,0.01087,0.02747,0.04545
일반 화물 자동차 운송업,74,0.01628,0.00588,0.03571,0.06164
기타 절연선 및 케이블 제조업,58,0.01626,0.00839,0.02744,0.04286
비금속류 원료 재생업,24,0.01626,0.01042,0.03425,0.04412
기타 식품 첨가물 제조업,31,0.01613,0.00455,0.02381,0.0303
천연 및 혼합 조제 조미료 제조업,69,0.01613,0.01111,0.0303,0.05488
의료용 기구 소매업,11,0.01613,0.00685,0.03125,0.04955
물질 성분 검사 및 분석업,8,0.01604,0.00893,0.04054,0.05224
의료용품 도매업,40,0.01603,0.00843,0.03704,0.05
그 외 기타 금융 지원 서비스업,88,0.016,0.00769,0.03333,0.05556
물질 검사  측정 및 분석 기구 제조업,189,0.016,0.00794,0.02917,0.06061
비디오 및 기타 영상 기기 제조업,63,0.016,0.0074,0.03333,0.05714
기타 도시 정기 육상 여객 운송업,14,0.01596,0.0,0.0303,0.11538
기타 비알코올 음료 제조업,32,0.01596,0.00901,0.04259,0.06316
공작용 기계 및 장비 도매업,9,0.01596,0.00962,0.02542,0.05
기타모집수당 채권회수수당,10,0.01595,0.01079,0.02381,0.03913
직물  편조 원단 및 의복류 염색 가공업,59,0.01592,0.0121,0.03289,0.05405
핵반응기 및 증기보일러 제조업,20,0.01588,0.00938,0.03226,0.05455
곡물 제분업,19,0.01587,0.00687,0.0303,0.06452
통관 대리 및 관련서비스업,25,0.01587,0.01064,0.03333,0.06667
가정용 유리제품 제조업,54,0.0158,0.0049,0.02632,0.04286
한의약품 제조업,24,0.01575,0.0119,0.02941,0.06667
그 외 자동차용 신품 부품 제조업,1506,0.01571,0.00714,0.03226,0.05405
부직포 및 펠트 제조업,24,0.01564,0.01064,0.02941,0.06481
라이터  연소물 및 흡연용품 제조업,14,0.01564,0.00702,0.05738,0.1
해당없음,1651,0.01562,0.00476,0.03125,0.05263
금속 절삭기계 제조업,148,0.01562,0.00625,0.03333,0.05634
항공 및 육상 화물 취급업,42,0.01562,0.01042,0.0303,0.06061
기어 및 동력전달장치 제조업,42,0.01562,0.01014,0.02941,0.05
체조  육상 및 체력 단련용 장비 제조업,21,0.01562,0.00617,0.02586,0.04412
타일 및 유사 비내화 요업제품 제조업,17,0.01562,0.00833,0.02727,0.05714
자동차 신품 타이어 및 튜브 판매업,13,0.01562,0.00943,0.0375,0.0566
제철업,21,0.01558,0.01042,0.03107,0.06731
기타 물품 취급장비 제조업,90,0.01557,0.00781,0.03409,0.07353
기타 기초 무기화학 물질 제조업,86,0.0155,0.00794,0.02941,0.05
체인화 편의점,20,0.01547,0.00952,0.03125,0.06579
실내 경기장 운영업,10,0.01542,0.00937,0.02273,0.03744
기타 직물제품 제조업,15,0.01538,0.00515,0.03846,0.05405
골판지 제조업,97,0.01538,0.00581,0.02941,0.04545
기타 무선 통신장비 제조업,9,0.01537,0.0099,0.02011,0.08333
플라스틱 합성피혁 제조업,70,0.01533,0.00725,0.02727,0.04839
침구 및 관련제품 제조업,35,0.01515,0.00556,0.03968,0.0679
편조 원단 제조업,10,0.01515,0.0102,0.03409,0.1
위생용 종이제품 제조업,60,0.01508,0.00877,0.02439,0.04545
방직용 섬유 및 실 도매업,8,0.01507,0.01351,0.02119,0.04337
도시철도 운송업,13,0.01501,0.00752,0.02468,0.02849
주철관 제조업,22,0.01496,0.00649,0.02151,0.06579
의약용 화합물 및 항생물질 제조업,10,0.01493,0.01389,0.03378,0.04878
잡지 및 정기 간행물 발행업,109,0.01493,0.00633,0.0266,0.05357
가정용 세탁업,12,0.01491,0.01136,0.03333,0.03846
지정 외 폐기물 수집  운반업,240,0.01471,0.0,0.02857,0.04054
기타 금융 투자업,222,0.01471,0.00418,0.02888,0.04762
도장 및 기타 피막 처리업,135,0.01471,0.0,0.03226,0.05479
생활용 포장 및 위생용품  봉투 및 유사 제품 도매업,29,0.01471,0.0,0.02727,0.0543
방송 프로그램 제작업,71,0.01471,0.00926,0.04286,0.06757
비누 및 세정제 도매업,9,0.01471,0.00667,0.02511,0.05263
세무사업(기장대리) / 기타 회계 관련 서비스업,9,0.01471,0.01429,0.03226,0.05556
운송장비 조립용 플라스틱제품 제조업,9,0.01471,0.00259,0.02941,0.1087
연성 및 기타 인쇄회로기판 제조업,8,0.01469,0.00781,0.02381,0.07955
비주거용 건물 임대업(점포  자기땅),1405,0.01461,0.00125,0.03333,0.07576
가정용 및 장식용 도자기 제조업,14,0.01452,0.00858,0.02439,0.03472
기타 섬유  의복 및 가죽 가공기계 제조업,14,0.0145,0.00685,0.02,0.025
건설 및 채광용 기계장비 제조업,36,0.0144,0.00407,0.0303,0.04651
기타 화학 물질 및 화학제품 도매업,53,0.01439,0.00866,0.02632,0.04412
옥외 및 전시 광고업,12,0.0143,0.00602,0.04762,0.06818
동력식 수지 공구 제조업,91,0.01429,0.0,0.03125,0.05405
유압 기기 제조업,153,0.01429,0.00581,0.0303,0.05208
트레일러 및 세미 트레일러 제조업,29,0.01429,0.0,0.025,0.04255
곡물  곡분 및 가축 사료 소매업,19,0.01429,0.00229,0.03774,0.07812
목재 도구 및 주방용 나무제품 제조업,13,0.01429,0.0,0.02239,0.04839
산업용 가스 제조업,14,0.01415,0.00643,0.02799,0.05435
건물 및 토목 엔지니어링 서비스업(기술사),22,0.01415,0.0,0.02564,0.03571
전기용 기계ㆍ장비 및 관련 기자재 도매업,193,0.01408,0.00249,0.02857,0.04902
산업용 오븐  노 및 노용 버너 제조업,16,0.01393,0.00735,0.03571,0.03922
배합 사료 제조업,55,0.01389,0.00575,0.02703,0.04054
제조 / 산업용강화플라스틱성형제품,47,0.01389,0.00714,0.03125,0.04444
하수 처리업,53,0.01389,0.0,0.02564,0.04167
벽지 및 장판지 제조업,8,0.01375,0.00877,0.02308,0.0625
지주회사,10,0.01371,0.0036,0.02564,0.07738
그 외 기타 여신 금융업,62,0.0137,0.0,0.02206,0.03333
지정 외 폐기물 처리업,20,0.0137,0.01087,0.03,0.03571
운송장비용 조명장치 제조업,90,0.01361,0.00649,0.0241,0.05118
접착제 및 젤라틴 제조업,156,0.01361,0.00556,0.02717,0.03977
시내버스 운송업,285,0.01357,0.00739,0.02542,0.05093
내연기관 제조업,32,0.01355,0.00255,0.03226,0.05063
손해보험업,25,0.01355,0.00938,0.02408,0.03182
골재  벽돌 및 시멘트 도매업,9,0.01351,0.0,0.03774,0.1
폴리스티렌 발포 성형제품 제조업,38,0.01351,0.00721,0.01911,0.03247
기타 종이 및 판지 제조업,13,0.01351,0.00459,0.03846,0.04918
유인 항공기  항공 우주선 및 보조장치 제조업,10,0.01341,0.00311,0.0233,0.09167
변리사업,65,0.01337,0.0,0.02439,0.03922
그 외 기타 분류 안된 운송관련 서비스업,18,0.01334,0.00355,0.03174,0.05
산업용 그 외 비경화 고무제품 제조업,45,0.01325,0.0061,0.01724,0.02857
강선 건조업,34,0.01322,0.00725,0.025,0.06
기타 인쇄관련 산업,20,0.01319,0.0,0.02809,0.04054
금속 단조제품 제조업,23,0.01316,0.00413,0.0266,0.02885
서적외판원 학습지방문판매원 화장품외판원 정수기 자,12,0.01312,0.00712,0.02597,0.04065
합성수지 및 기타 플라스틱 물질 제조업,168,0.01307,0.00427,0.02419,0.04688
기타 부동산 임대업,52,0.01304,0.00243,0.03061,0.05147
자동차 중고 부품 및 내장품 판매업,29,0.01299,0.00847,0.02941,0.05
복합비료 및 기타 화학비료 제조업,21,0.01282,0.00349,0.01724,0.02703
제조 / 기타가정용기기,25,0.01282,0.00688,0.01695,0.05128
양계업,17,0.01282,0.0098,0.02632,0.04545
콘테이너임대,8,0.01266,0.00909,0.02551,0.05208
기타 비철금속 제련  정련 및 합금 제조업,45,0.01266,0.00368,0.02632,0.04167
화물 자동차 및 특수 목적용 자동차 제조업,50,0.01251,0.00296,0.02792,0.04688
콘크리트 타일  기와  벽돌 및 블록 제조업,23,0.0125,0.0,0.02564,0.05085
무선 및 위성 통신업,21,0.0125,0.00745,0.02941,0.09394
전자 감지장치 제조업,8,0.01244,0.01,0.02222,0.04545
화학섬유 방적업,14,0.01239,0.00649,0.02703,0.03333
그 외 기타 전기 통신업,8,0.01237,0.00767,0.02586,0.05526
단추 및 유사 파스너 제조업,8,0.01232,0.0,0.01724,0.03333
사무용 기계 및 장비 제조업,25,0.01224,0.00692,0.02113,0.02778
여객 자동차 터미널 운영업,8,0.0122,0.008,0.01515,0.01833
적층  합성 및 특수 표면처리 종이 제조업,39,0.0122,0.005,0.02083,0.04196
합성섬유 제조업,21,0.0122,0.00613,0.01829,0.05674
태양력 발전업,63,0.01215,0.0061,0.03061,0.03846
제강업,38,0.01213,0.00704,0.02353,0.04286
석탄화학계 화합물 및 기타 기초 유기화학 물질제조업,137,0.0121,0.00579,0.02381,0.03629
판유리 제조업,11,0.01208,0.00292,0.0186,0.03409
기타 주변 기기 제조업,16,0.01206,0.00658,0.02088,0.05
톱 및 호환성 공구 제조업,51,0.0119,0.0,0.03125,0.05263
사료 도매업,16,0.01186,0.00833,0.04688,0.06944
플라스틱 창호 제조업,84,0.01177,0.0,0.02586,0.05952
원유 정제처리업,15,0.01176,0.00402,0.04754,0.11702
그 외 기타 스포츠 서비스업,16,0.0115,0.00962,0.04054,0.05108
탁주 및 약주 제조업,10,0.01139,0.0,0.01667,0.06452
철도 차량 부품 및 관련 장치물 제조업,23,0.01111,0.0,0.03125,0.04545
알루미늄 압연  압출 및 연신제품 제조업,83,0.01101,0.00306,0.03061,0.04945
신용조합,273,0.01099,0.0,0.02041,0.03846
합성고무 제조업,20,0.01096,0.00595,0.03409,0.09434
부동산 감정 평가업,27,0.01095,0.00362,0.02857,0.05
선철 주물 주조업,28,0.01087,0.00758,0.04,0.05
정형 내화 요업제품 제조업,24,0.01076,0.0,0.01578,0.04188
그 외 기타 1차 철강 제조업,168,0.01075,0.00236,0.02459,0.03947
항공 여객 운송업,26,0.01065,0.0,0.02358,0.05556
수상 화물 취급업,38,0.01064,0.00491,0.023,0.03488
레미콘 제조업,39,0.01064,0.0,0.01515,0.02174
지상파 방송업,36,0.01042,0.00581,0.01961,0.03614
국내은행,627,0.01042,0.0,0.02174,0.03731
제책업,9,0.01042,0.00714,0.01613,0.04167
문구용 종이제품 제조업,10,0.0104,0.00455,0.01282,0.14474
강 주물 주조업,21,0.0102,0.00588,0.01804,0.02326
기체 연료 및 관련제품 도매업,13,0.01,0.0,0.01429,0.025
타이어 및 튜브 제조업,25,0.00971,0.0051,0.01235,0.02874
윤활유 및 그리스 제조업,15,0.00909,0.0,0.01754,0.03333
일반용 도료 및 관련제품 제조업,53,0.00885,0.00287,0.02083,0.03571
생명보험업,27,0.00881,0.00536,0.01573,0.02139
유선 방송업,36,0.00875,0.0,0.01613,0.02326
비주거용 건물 임대업(점포  타인땅),29,0.00752,0.0,0.02273,0.04054
공영 우편업,9,0.00704,0.0,0.02381,0.03226
연료용 가스 제조 및 배관공급업,56,0.00668,0.00181,0.01224,0.02703
무기 및 총포탄 제조업,8,0.00667,0.0,0.01414,0.01613
증기  냉ㆍ온수 및 공기 조절 공급업,13,0.00595,0.0,0.00885,0.01887
시멘트 제조업,17,0.0051,0.00167,0.0098,0.02564
인쇄 잉크 및 회화용 물감 제조업,12,0.00409,0.0,0.02024,0.02128
